typ,rok,nas_datum,joomla_datum,id
KONFLIKT,1176,VIII,VIII.,2965
CHYBÍ_NÁM,855,,VIII.,2371
CHYBÍ_NÁM,861,,30.1.,2375
CHYBÍ_NÁM,982,,3.1.,2502
CHYBÍ_NÁM,993,,14.1.,2520
CHYBÍ_NÁM,1040,,22.8.,2594
CHYBÍ_NÁM,1109,,X.,2718
CHYBÍ_NÁM,1115,,VII.,2742
CHYBÍ_NÁM,1119,,16.8.,2756
CHYBÍ_NÁM,1140,,17.2.,2829
CHYBÍ_NÁM,1142,,IV.,2838
CHYBÍ_NÁM,1142,,7.6.,2841
CHYBÍ_NÁM,1150,,25.6.,2880
CHYBÍ_NÁM,1157,,II.,2894
CHYBÍ_NÁM,1167,,9.8.,2937
CHYBÍ_NÁM,1179,,23.1.,2981
CHYBÍ_NÁM,1192,,I.,3038
CHYBÍ_NÁM,1193,,XII.,3052
CHYBÍ_NÁM,1197,,V.,3066
CHYBÍ_NÁM,1197,,1.11.,3071
CHYBÍ_NÁM,1203,,IV.,3118
CHYBÍ_NÁM,1228,,VI.,3276
CHYBÍ_NÁM,1233,,VII.,3307
CHYBÍ_NÁM,1249,,5.8.,3411
CHYBÍ_NÁM,1250,,XII.,3421
